,Year,Larynx,State
0,1999,67.1,NC
1,2000,72.4,NC
2,2001,72.5,NC
3,2002,74.2,NC
4,2003,69.1,NC
5,2004,74.5,NC
6,2005,76.9,NC
7,2006,81.3,NC
8,2007,78.2,NC
9,2008,75.1,NC
10,2009,78.9,NC
11,2010,83.1,NC
12,2011,75.0,NC
13,2012,78.1,NC
14,2013,74.3,NC
15,2014,78.7,NC
16,2015,74.7,NC
0,2016,74.52170216067205,NC
1,2017,38.83850839957176,NC
2,2018,31.376323563351825,NC
3,2019,26.380912405331728,NC
4,2020,0.0,NC
5,2021,0.0,NC
6,2022,0.0,NC
7,2023,0.0,NC
8,2024,0.0,NC
9,2025,0.0,NC
