,Year,Larynx,State
0,1999,89.1,MD
1,2000,83.8,MD
2,2001,79.1,MD
3,2002,81.9,MD
4,2003,84.4,MD
5,2004,82.2,MD
6,2005,82.2,MD
7,2006,82.9,MD
8,2007,80.6,MD
9,2008,82.2,MD
10,2009,75.5,MD
11,2010,75.6,MD
12,2011,73.9,MD
13,2012,74.1,MD
14,2013,74.8,MD
15,2014,73.2,MD
16,2015,77.8,MD
0,2016,74.64040633675559,MD
1,2017,31.264274927647218,MD
2,2018,0.0,MD
3,2019,0.0,MD
4,2020,2.3272705178775084,MD
5,2021,0.0,MD
6,2022,5.577951445837256,MD
7,2023,0.0,MD
8,2024,7.320370810222108,MD
9,2025,0.0,MD
