,Year,Lung,State
0,1999,8.7,CT
1,2000,8.0,CT
2,2001,7.6,CT
3,2002,7.5,CT
4,2003,7.7,CT
5,2004,6.8,CT
6,2005,6.6,CT
7,2006,7.2,CT
8,2007,7.0,CT
9,2008,6.4,CT
10,2009,7.0,CT
11,2010,7.6,CT
12,2011,8.2,CT
13,2012,7.1,CT
14,2013,7.2,CT
15,2014,8.3,CT
16,2015,6.6,CT
0,2016,6.937776386657921,CT
1,2017,4.941299234559382,CT
2,2018,6.778130177541518,CT
3,2019,0.0,CT
4,2020,1.962467258901393,CT
5,2021,1.8989989175436977,CT
6,2022,0.0,CT
7,2023,4.866521643682428,CT
8,2024,0.0,CT
9,2025,0.0,CT
