,Year,Lung,State
0,1999,8.5,OH
1,2000,8.0,OH
2,2001,9.3,OH
3,2002,8.4,OH
4,2003,5.8,OH
5,2004,7.9,OH
6,2005,8.0,OH
7,2006,6.5,OH
8,2007,6.4,OH
9,2008,8.0,OH
10,2009,6.8,OH
11,2010,6.6,OH
12,2011,7.4,OH
13,2012,6.4,OH
14,2013,6.5,OH
15,2014,5.5,OH
16,2015,7.9,OH
0,2016,4.389598042916996,OH
1,2017,13.983016723801779,OH
2,2018,0.0,OH
3,2019,31.587330007779393,OH
4,2020,0.0,OH
5,2021,111.20955298228766,OH
6,2022,0.0,OH
7,2023,429.901039691477,OH
8,2024,0.0,OH
9,2025,1697.314887552211,OH
