,Year,Larynx,State
0,1999,61.9,NC
1,2000,63.1,NC
2,2001,61.1,NC
3,2002,65.6,NC
4,2003,71.4,NC
5,2004,72.2,NC
6,2005,76.6,NC
7,2006,76.0,NC
8,2007,77.2,NC
9,2008,77.2,NC
10,2009,75.9,NC
11,2010,75.0,NC
12,2011,74.7,NC
13,2012,78.7,NC
14,2013,81.7,NC
15,2014,82.2,NC
16,2015,83.2,NC
0,2016,82.54540766002913,NC
1,2017,0.0,NC
2,2018,0.0,NC
3,2019,0.0,NC
4,2020,43.224393112570134,NC
5,2021,46.85403124149721,NC
6,2022,16.41632965347819,NC
7,2023,0.0,NC
8,2024,0.0,NC
9,2025,0.0,NC
