,Year,Larynx,State
0,1999,53.2,VA
1,2000,55.6,VA
2,2001,55.1,VA
3,2002,57.4,VA
4,2003,63.9,VA
5,2004,63.8,VA
6,2005,69.0,VA
7,2006,68.3,VA
8,2007,63.3,VA
9,2008,67.6,VA
10,2009,71.4,VA
11,2010,66.0,VA
12,2011,66.7,VA
13,2012,67.7,VA
14,2013,65.6,VA
15,2014,67.3,VA
16,2015,69.4,VA
0,2016,68.14616451032724,VA
1,2017,7.781444528697689,VA
2,2018,36.92452480761617,VA
3,2019,0.0,VA
4,2020,0.0,VA
5,2021,35.68596648841083,VA
6,2022,0.0,VA
7,2023,0.0,VA
8,2024,37.95809786116626,VA
9,2025,0.0,VA
