,Year,Larynx,State
0,1999,66.4,MI
1,2000,66.3,MI
2,2001,69.4,MI
3,2002,68.4,MI
4,2003,73.8,MI
5,2004,72.6,MI
6,2005,75.4,MI
7,2006,75.6,MI
8,2007,81.1,MI
9,2008,78.1,MI
10,2009,76.3,MI
11,2010,81.1,MI
12,2011,81.6,MI
13,2012,79.1,MI
14,2013,78.5,MI
15,2014,80.7,MI
16,2015,82.3,MI
0,2016,77.83918466323298,MI
1,2017,51.22799798531827,MI
2,2018,41.452408716262426,MI
3,2019,0.5848954182750443,MI
4,2020,0.0,MI
5,2021,0.0,MI
6,2022,0.0,MI
7,2023,0.0,MI
8,2024,0.0,MI
9,2025,0.0,MI
