,Year,Larynx,State
0,1999,68.6,PA
1,2000,71.2,PA
2,2001,73.4,PA
3,2002,75.3,PA
4,2003,74.8,PA
5,2004,75.7,PA
6,2005,78.7,PA
7,2006,79.2,PA
8,2007,82.8,PA
9,2008,82.0,PA
10,2009,81.9,PA
11,2010,79.9,PA
12,2011,80.6,PA
13,2012,80.6,PA
14,2013,82.2,PA
15,2014,84.0,PA
16,2015,86.6,PA
0,2016,87.94884112523283,PA
1,2017,0.0,PA
2,2018,0.0,PA
3,2019,0.0,PA
4,2020,46.39891327369038,PA
5,2021,49.45664104112116,PA
6,2022,15.354353965504018,PA
7,2023,0.0,PA
8,2024,0.0,PA
9,2025,0.555259755073731,PA
