,Year,Lung,State
0,1999,12.6,FL
1,2000,13.0,FL
2,2001,12.5,FL
3,2002,11.6,FL
4,2003,12.0,FL
5,2004,11.2,FL
6,2005,11.3,FL
7,2006,10.6,FL
8,2007,10.4,FL
9,2008,9.8,FL
10,2009,10.3,FL
11,2010,10.3,FL
12,2011,9.9,FL
13,2012,9.4,FL
14,2013,9.3,FL
15,2014,9.5,FL
16,2015,8.7,FL
0,2016,8.33640448548791,FL
1,2017,2.109077520808407,FL
2,2018,5.05358201746718,FL
3,2019,5.115362219963354,FL
4,2020,0.0,FL
5,2021,0.0,FL
6,2022,2.0287461632711183,FL
7,2023,1.578380376492651,FL
8,2024,0.0,FL
9,2025,0.0,FL
