,Year,Larynx
0,1999,95.2
1,2000,82.5
2,2001,85.8
3,2002,84.3
4,2003,77.0
5,2004,78.8
6,2005,85.1
7,2006,72.3
8,2007,76.6
9,2008,69.0
10,2009,77.1
11,2010,72.1
12,2011,73.0
13,2012,62.4
14,2013,67.2
15,2014,63.1
16,2015,60.8
0,2016,62.41079049878694
1,2017,79.01710715882545
2,2018,47.733755212937
3,2019,82.6549353678852
4,2020,12.911301432533662
5,2021,83.58585001735693
6,2022,0.0
7,2023,133.9402086819405
8,2024,0.0
9,2025,236.63505395121632
