,Year,Larynx
0,1999,80.3
1,2000,83.0
2,2001,85.2
3,2002,88.0
4,2003,88.7
5,2004,90.2
6,2005,95.4
7,2006,95.9
8,2007,97.8
9,2008,101.8
10,2009,99.9
11,2010,104.1
12,2011,103.3
13,2012,103.5
14,2013,104.3
15,2014,106.0
16,2015,106.5
0,2016,107.79703948231712
1,2017,63.180134090756994
2,2018,11.141313691254844
3,2019,0.0
4,2020,0.0
5,2021,0.0
6,2022,0.0
7,2023,0.0
8,2024,0.0
9,2025,5.650866040955847
