,Year,Larynx
0,1999,70.4
1,2000,72.2
2,2001,72.1
3,2002,77.7
4,2003,78.6
5,2004,77.2
6,2005,82.0
7,2006,85.4
8,2007,83.7
9,2008,81.7
10,2009,83.4
11,2010,81.4
12,2011,78.5
13,2012,83.2
14,2013,85.6
15,2014,83.9
16,2015,81.0
0,2016,81.7798864789403
1,2017,0.0
2,2018,15.309750574565577
3,2019,59.96262481814493
4,2020,0.0
5,2021,0.0
6,2022,102.90367257810065
7,2023,0.0
8,2024,0.0
9,2025,115.15796902990041
