,Year,Larynx
0,1999,105.3
1,2000,108.7
2,2001,106.1
3,2002,103.7
4,2003,107.6
5,2004,110.9
6,2005,107.2
7,2006,108.3
8,2007,109.3
9,2008,105.2
10,2009,111.2
11,2010,105.6
12,2011,102.0
13,2012,111.1
14,2013,120.3
15,2014,111.5
16,2015,107.2
0,2016,106.81051637735763
1,2017,60.63387951686634
2,2018,158.1245133496692
3,2019,114.45542480841189
4,2020,70.55548717775264
5,2021,107.6835429830715
6,2022,11.444948153099546
7,2023,30.817508728936822
8,2024,139.8347910049888
9,2025,0.10007252270315803
