,Year,Larynx
0,1999,72.7
1,2000,68.4
2,2001,70.4
3,2002,73.2
4,2003,78.2
5,2004,75.6
6,2005,83.1
7,2006,83.1
8,2007,79.6
9,2008,82.4
10,2009,84.7
11,2010,83.4
12,2011,84.3
13,2012,87.0
14,2013,89.7
15,2014,87.4
16,2015,87.1
0,2016,89.90073534935846
1,2017,35.440173351993636
2,2018,48.12039244977749
3,2019,7.361253363363224
4,2020,8.725385186337304
5,2021,43.01635461804938
6,2022,4.630990609190288
7,2023,2.8265603735516223
8,2024,32.81494933740208
9,2025,0.0
