,Year,Larynx
0,1999,25.9
1,2000,28.9
2,2001,33.2
3,2002,26.5
4,2003,33.7
5,2004,34.5
6,2005,36.8
7,2006,31.2
8,2007,36.5
9,2008,36.2
10,2009,39.7
11,2010,39.8
12,2011,40.1
13,2012,41.3
14,2013,41.3
15,2014,44.7
16,2015,47.5
0,2016,46.141733359479296
1,2017,40.1742501848343
2,2018,48.96137018252002
3,2019,51.99391717139003
4,2020,26.61739655688786
5,2021,35.329200011237624
6,2022,19.525476837442667
7,2023,38.585934385679195
8,2024,10.238783386117731
9,2025,36.26833486043226
