,Year,Larynx
0,1999,70.4
1,2000,72.5
2,2001,72.8
3,2002,72.7
4,2003,72.4
5,2004,74.8
6,2005,75.5
7,2006,80.1
8,2007,79.0
9,2008,81.5
10,2009,79.3
11,2010,79.1
12,2011,80.7
13,2012,80.1
14,2013,81.5
15,2014,79.1
16,2015,82.5
0,2016,81.10949767556072
1,2017,26.46949352097887
2,2018,0.0
3,2019,16.252954480948176
4,2020,14.579845537475272
5,2021,48.5129810783065
6,2022,0.0
7,2023,2.2985957434765396
8,2024,0.0
9,2025,37.19171650892727
