,Year,Larynx
0,1999,39.0
1,2000,40.9
2,2001,44.2
3,2002,44.7
4,2003,45.2
5,2004,46.1
6,2005,45.5
7,2006,44.0
8,2007,47.8
9,2008,48.5
10,2009,47.0
11,2010,46.0
12,2011,45.7
13,2012,48.3
14,2013,47.0
15,2014,46.2
16,2015,45.0
0,2016,46.95960909109559
1,2017,28.36355925456962
2,2018,44.19204591008399
3,2019,31.213203990959997
4,2020,12.686281771262733
5,2021,7.02248326340904
6,2022,20.29198163734072
7,2023,11.86206489776464
8,2024,0.0
9,2025,3.6879135915792007
