,Year,Larynx
0,1999,74.3
1,2000,75.7
2,2001,78.1
3,2002,78.1
4,2003,79.3
5,2004,82.4
6,2005,86.4
7,2006,86.2
8,2007,85.2
9,2008,89.2
10,2009,88.4
11,2010,85.1
12,2011,84.1
13,2012,84.3
14,2013,86.4
15,2014,83.2
16,2015,88.4
0,2016,87.80185835409881
1,2017,19.752173558560948
2,2018,4.890889535341806
3,2019,14.193786325634811
4,2020,0.0
5,2021,11.608802236008998
6,2022,4.603894600756732
7,2023,26.073854363008323
8,2024,0.0
9,2025,59.22275766924204
