,Year,Larynx
0,1999,111.6
1,2000,102.9
2,2001,107.2
3,2002,107.9
4,2003,107.8
5,2004,104.7
6,2005,108.2
7,2006,106.7
8,2007,109.1
9,2008,106.0
10,2009,106.5
11,2010,102.9
12,2011,103.7
13,2012,104.9
14,2013,100.8
15,2014,106.4
16,2015,102.1
0,2016,104.6206356882521
1,2017,95.35861411579252
2,2018,18.19383030035806
3,2019,68.31085215130553
4,2020,0.0
5,2021,76.88346400941572
6,2022,0.0
7,2023,103.79400095582105
8,2024,0.0
9,2025,165.44842242510492
