,Year,Larynx
0,1999,75.8
1,2000,76.4
2,2001,79.7
3,2002,79.7
4,2003,78.2
5,2004,89.6
6,2005,81.6
7,2006,81.5
8,2007,81.6
9,2008,74.1
10,2009,73.0
11,2010,75.0
12,2011,74.1
13,2012,78.4
14,2013,78.7
15,2014,77.1
16,2015,73.8
0,2016,70.97726659958737
1,2017,17.491203885709908
2,2018,10.173882621598576
3,2019,5.316877702967156
4,2020,52.29093685423512
5,2021,55.744677690182385
6,2022,29.06921181325758
7,2023,9.615260497483638
8,2024,0.0
9,2025,0.0
