,Year,Larynx
0,1999,54.7
1,2000,49.6
2,2001,52.9
3,2002,55.3
4,2003,54.1
5,2004,58.5
6,2005,60.7
7,2006,62.4
8,2007,60.7
9,2008,52.4
10,2009,58.2
11,2010,58.5
12,2011,62.8
13,2012,62.3
14,2013,61.0
15,2014,65.4
16,2015,56.8
0,2016,63.18914888182084
1,2017,37.263537985570615
2,2018,30.517841228523118
3,2019,37.71135023667007
4,2020,42.833408736931645
5,2021,12.484247805774066
6,2022,18.681048795891044
7,2023,0.0
8,2024,21.416552414116037
9,2025,9.71516615109416
