,Year,Larynx
0,1999,93.1
1,2000,93.1
2,2001,89.1
3,2002,93.4
4,2003,94.4
5,2004,100.4
6,2005,102.9
7,2006,100.9
8,2007,97.3
9,2008,98.9
10,2009,100.3
11,2010,97.8
12,2011,97.6
13,2012,95.5
14,2013,100.2
15,2014,96.4
16,2015,96.3
0,2016,96.09768299699738
1,2017,13.61006660891211
2,2018,28.859632978948916
3,2019,25.171996242016064
4,2020,4.679943707397224
5,2021,0.0
6,2022,4.926388950579042
7,2023,2.6310361922665764
8,2024,0.0
9,2025,0.0
