,Year,Nasal
0,1999,1.4
1,2000,1.3
2,2001,1.2
3,2002,1.2
4,2003,1.3
5,2004,1.2
6,2005,1.2
7,2006,1.2
8,2007,1.3
9,2008,1.4
10,2009,1.5
11,2010,1.4
12,2011,1.2
13,2012,1.2
14,2013,1.3
15,2014,1.3
16,2015,1.1
0,2016,1.0235675622958011
1,2017,0.0
2,2018,0.23468841451579925
3,2019,1.3470246942712674
4,2020,0.2470397735700286
5,2021,0.0
6,2022,0.0
7,2023,1.902156054315186
8,2024,0.11551743594869279
9,2025,0.0
