,Year,Larynx
0,1999,95.9
1,2000,97.5
2,2001,95.4
3,2002,95.6
4,2003,94.8
5,2004,96.3
6,2005,93.8
7,2006,91.9
8,2007,91.7
9,2008,94.3
10,2009,93.3
11,2010,93.0
12,2011,90.7
13,2012,93.6
14,2013,90.1
15,2014,88.5
16,2015,86.1
0,2016,90.92686216143206
1,2017,11.228095678613307
2,2018,51.46651300747026
3,2019,96.62826239570938
4,2020,0.0
5,2021,0.0
6,2022,83.0007384413098
7,2023,73.94685614264455
8,2024,0.0
9,2025,0.0
