,Year,Larynx
0,1999,85.6
1,2000,86.8
2,2001,84.7
3,2002,83.4
4,2003,82.1
5,2004,77.0
6,2005,81.9
7,2006,82.8
8,2007,81.5
9,2008,80.4
10,2009,78.2
11,2010,75.4
12,2011,76.3
13,2012,76.3
14,2013,75.6
15,2014,73.7
16,2015,74.1
0,2016,72.30617629180573
1,2017,51.59896062470288
2,2018,62.136604986651186
3,2019,49.31193894497487
4,2020,55.59115458372392
5,2021,40.02898026001152
6,2022,12.949623711057058
7,2023,23.14945136100847
8,2024,16.903501482797253
9,2025,15.340790260868665
