,Year,Larynx
0,1999,56.6
1,2000,59.4
2,2001,60.7
3,2002,68.3
4,2003,71.7
5,2004,72.7
6,2005,76.2
7,2006,77.9
8,2007,79.1
9,2008,81.6
10,2009,83.0
11,2010,81.9
12,2011,82.9
13,2012,87.1
14,2013,84.0
15,2014,85.9
16,2015,92.9
0,2016,85.82538556490752
1,2017,69.55083779267478
2,2018,122.35010899532404
3,2019,0.0
4,2020,88.15171437736456
5,2021,91.03563806443738
6,2022,0.0
7,2023,430.2837111378551
8,2024,0.0
9,2025,0.0
