,Year,Larynx
0,1999,57.7
1,2000,58.0
2,2001,60.4
3,2002,63.1
4,2003,56.5
5,2004,57.7
6,2005,61.8
7,2006,59.5
8,2007,61.6
9,2008,56.2
10,2009,55.4
11,2010,55.0
12,2011,57.1
13,2012,56.8
14,2013,54.5
15,2014,55.9
16,2015,54.6
0,2016,54.89624574576962
1,2017,30.736168200915856
2,2018,41.01993132201223
3,2019,24.909491747460994
4,2020,27.82980445344041
5,2021,2.9087099930018
6,2022,10.636769154128443
7,2023,12.179581910132352
8,2024,0.0
9,2025,9.874963453363675
