,Year,Larynx
0,1999,67.1
1,2000,72.4
2,2001,72.5
3,2002,74.2
4,2003,69.1
5,2004,74.5
6,2005,76.9
7,2006,81.3
8,2007,78.2
9,2008,75.1
10,2009,78.9
11,2010,83.1
12,2011,75.0
13,2012,78.1
14,2013,74.3
15,2014,78.7
16,2015,74.7
0,2016,74.52170216067205
1,2017,38.83850839957176
2,2018,31.376323563351825
3,2019,26.380912405331728
4,2020,0.0
5,2021,0.0
6,2022,0.0
7,2023,0.0
8,2024,0.0
9,2025,0.0
