,Year,Larynx
0,1999,48.5
1,2000,49.2
2,2001,52.1
3,2002,53.9
4,2003,56.1
5,2004,55.8
6,2005,54.1
7,2006,57.4
8,2007,59.0
9,2008,60.4
10,2009,62.0
11,2010,64.6
12,2011,60.1
13,2012,65.1
14,2013,67.1
15,2014,65.2
16,2015,72.4
0,2016,71.0754368339076
1,2017,86.7362477467596
2,2018,75.72245938761314
3,2019,67.33587268959971
4,2020,106.11243958510161
5,2021,47.36777885328972
6,2022,43.03547162435899
7,2023,90.40655036307797
8,2024,0.0
9,2025,129.26264474240347
