,Year,Larynx
0,1999,89.7
1,2000,81.8
2,2001,74.6
3,2002,85.6
4,2003,73.6
5,2004,79.4
6,2005,84.4
7,2006,77.9
8,2007,71.6
9,2008,70.5
10,2009,74.8
11,2010,67.0
12,2011,81.7
13,2012,80.0
14,2013,79.9
15,2014,71.0
16,2015,76.0
0,2016,65.9214128872082
1,2017,43.46838780697168
2,2018,47.50686876546368
3,2019,50.70585495066638
4,2020,45.06867004927746
5,2021,59.72693673595903
6,2022,0.869938368404533
7,2023,25.014054600983854
8,2024,0.0
9,2025,30.37738041224887
