,Year,Nasal
0,1999,0.7
1,2000,0.9
2,2001,0.7
3,2002,0.8
4,2003,0.6
5,2004,0.6
6,2005,1.0
7,2006,1.1
8,2007,0.9
9,2008,0.9
10,2009,1.3
11,2010,1.1
12,2011,1.0
13,2012,1.0
14,2013,0.9
15,2014,0.9
16,2015,1.0
0,2016,1.0446230664417835
1,2017,0.17140597819104547
2,2018,0.8190101045108114
3,2019,0.5973923162233444
4,2020,0.0
5,2021,0.5478357489729835
6,2022,0.5066733515356541
7,2023,0.0
8,2024,0.3820714118996319
9,2025,0.5662153762154551
