,Year,Larynx
0,1999,106.6
1,2000,106.9
2,2001,102.4
3,2002,100.9
4,2003,97.7
5,2004,103.7
6,2005,93.4
7,2006,90.8
8,2007,105.7
9,2008,94.6
10,2009,96.9
11,2010,83.6
12,2011,90.2
13,2012,97.4
14,2013,93.6
15,2014,96.4
16,2015,93.2
0,2016,93.56569024897519
1,2017,72.55242925013357
2,2018,70.1038910551203
3,2019,49.81217588283707
4,2020,46.54560416792164
5,2021,0.0
6,2022,40.78117666837326
7,2023,0.0
8,2024,19.93238992913568
9,2025,0.0
