,Year,Lung
0,1999,9.1
1,2000,8.0
2,2001,8.8
3,2002,8.4
4,2003,8.0
5,2004,9.0
6,2005,8.4
7,2006,8.2
8,2007,8.7
9,2008,8.8
10,2009,7.1
11,2010,8.3
12,2011,8.4
13,2012,8.0
14,2013,7.9
15,2014,8.2
16,2015,7.9
0,2016,7.852481996399096
1,2017,8.591607452357225
2,2018,7.61721798827231
3,2019,5.4660823990416185
4,2020,4.421312815669947
5,2021,5.830057813688775
6,2022,0.6928417837893983
7,2023,5.1780777325774485
8,2024,0.08936974627453864
9,2025,3.84941419780991
