,Year,Larynx
0,1999,62.6
1,2000,57.2
2,2001,54.9
3,2002,56.6
4,2003,60.8
5,2004,57.1
6,2005,50.6
7,2006,56.5
8,2007,54.8
9,2008,54.8
10,2009,47.4
11,2010,50.4
12,2011,51.0
13,2012,50.0
14,2013,44.4
15,2014,43.6
16,2015,42.3
0,2016,42.385668742395545
1,2017,30.15701238920333
2,2018,9.766598941197365
3,2019,18.750245945191146
4,2020,0.0
5,2021,3.5096845476209637
6,2022,0.0
7,2023,22.368949170439564
8,2024,0.0
9,2025,48.94609252510108
