,Year,Larynx
0,1999,67.6
1,2000,69.7
2,2001,74.9
3,2002,69.0
4,2003,73.9
5,2004,74.8
6,2005,75.4
7,2006,75.0
8,2007,79.3
9,2008,76.5
10,2009,75.6
11,2010,71.9
12,2011,73.1
13,2012,76.8
14,2013,78.0
15,2014,75.4
16,2015,76.2
0,2016,76.43321575476303
1,2017,12.84116119246337
2,2018,37.69526646608668
3,2019,51.58171889757975
4,2020,24.67057013206274
5,2021,18.249264422787828
6,2022,21.82029714663156
7,2023,5.6947062791377725
8,2024,4.0279249272411555
9,2025,14.130863895349565
