,Year,Nasal
0,1999,0.9
1,2000,0.7
2,2001,1.0
3,2002,0.9
4,2003,0.7
5,2004,1.0
6,2005,0.7
7,2006,0.8
8,2007,0.9
9,2008,1.0
10,2009,0.7
11,2010,0.7
12,2011,0.7
13,2012,0.7
14,2013,0.7
15,2014,0.6
16,2015,0.6
0,2016,0.5924118347459056
1,2017,0.4865335850127417
2,2018,0.49122094184659154
3,2019,0.42328455153944355
4,2020,0.2530187682362797
5,2021,0.21968368280860862
6,2022,0.06411834429291519
7,2023,0.14251456994589645
8,2024,0.0014679291725565036
9,2025,0.065035818897756
