,Year,Nasal
0,1999,0.5
1,2000,0.5
2,2001,0.6
3,2002,0.5
4,2003,0.4
5,2004,0.6
6,2005,0.7
7,2006,0.5
8,2007,0.6
9,2008,0.6
10,2009,0.6
11,2010,0.6
12,2011,0.5
13,2012,0.6
14,2013,0.6
15,2014,0.5
16,2015,0.5
0,2016,0.5425030437986607
1,2017,0.3300224080360368
2,2018,0.4695246623796866
3,2019,0.04657310836653519
4,2020,0.0916487135298483
5,2021,0.11720639866693688
6,2022,0.0
7,2023,0.1273523668611504
8,2024,0.0
9,2025,0.0
