,Year,Larynx
0,1999,66.6
1,2000,64.3
2,2001,60.1
3,2002,62.6
4,2003,60.0
5,2004,54.6
6,2005,59.8
7,2006,56.5
8,2007,62.1
9,2008,53.5
10,2009,59.3
11,2010,52.2
12,2011,50.8
13,2012,53.9
14,2013,48.9
15,2014,48.2
16,2015,48.6
0,2016,46.257559058866725
1,2017,49.39926161329676
2,2018,17.195466488355912
3,2019,43.38713419275164
4,2020,0.0
5,2021,45.32742323874747
6,2022,0.0
7,2023,62.8481912213642
8,2024,0.0
9,2025,105.36058981686682
