,Year,Lung
0,1999,1.6
1,2000,1.6
2,2001,1.6
3,2002,1.6
4,2003,2.0
5,2004,1.4
6,2005,1.3
7,2006,1.5
8,2007,2.3
9,2008,1.4
10,2009,2.0
11,2010,1.5
12,2011,1.9
13,2012,1.8
14,2013,1.2
15,2014,1.1
16,2015,1.1
0,2016,1.369177074580706
1,2017,0.7917633020216595
2,2018,0.49736242995540597
3,2019,0.5036692209477576
4,2020,0.14511643246112121
5,2021,0.04128022594190606
6,2022,0.0
7,2023,0.03579791700603835
8,2024,0.0
9,2025,0.0
