,Year,Larynx
0,1999,107.7
1,2000,107.5
2,2001,102.7
3,2002,98.7
4,2003,103.9
5,2004,104.8
6,2005,101.3
7,2006,102.5
8,2007,99.2
9,2008,103.7
10,2009,95.2
11,2010,99.4
12,2011,95.6
13,2012,95.9
14,2013,91.3
15,2014,94.5
16,2015,90.7
0,2016,91.41346390675582
1,2017,89.79148666713138
2,2018,6.738041899904303
3,2019,74.32022179490153
4,2020,0.0
5,2021,126.591028262805
6,2022,0.0
7,2023,313.4812435009002
8,2024,0.0
9,2025,780.4802156688338
