,Year,Larynx
0,1999,66.7
1,2000,68.4
2,2001,55.8
3,2002,57.8
4,2003,64.6
5,2004,56.1
6,2005,58.7
7,2006,51.8
8,2007,55.1
9,2008,56.9
10,2009,54.2
11,2010,56.8
12,2011,53.6
13,2012,54.7
14,2013,56.5
15,2014,56.3
16,2015,47.3
0,2016,48.93728394727179
1,2017,30.657693048051247
2,2018,42.899476658134276
3,2019,37.03156337197737
4,2020,21.152544706702944
5,2021,0.0
6,2022,14.81241124999148
7,2023,13.435163455095518
8,2024,6.806361278264786
9,2025,0.0
