,Year,Larynx
0,1999,65.9
1,2000,66.6
2,2001,68.5
3,2002,64.1
4,2003,69.8
5,2004,67.9
6,2005,69.5
7,2006,69.2
8,2007,66.1
9,2008,70.0
10,2009,68.2
11,2010,68.3
12,2011,66.6
13,2012,70.7
14,2013,66.2
15,2014,67.1
16,2015,64.9
0,2016,67.22490770703277
1,2017,64.03545087192485
2,2018,28.239585945505873
3,2019,44.8721569327054
4,2020,0.0
5,2021,36.32909980762156
6,2022,0.0
7,2023,51.63488162328963
8,2024,0.0
9,2025,87.12824216011938
