,Year,Larynx
0,1999,32.9
1,2000,33.3
2,2001,33.8
3,2002,35.5
4,2003,36.7
5,2004,37.6
6,2005,37.0
7,2006,37.7
8,2007,39.3
9,2008,40.1
10,2009,41.1
11,2010,42.7
12,2011,43.8
13,2012,42.8
14,2013,40.1
15,2014,41.4
16,2015,42.7
0,2016,44.015210932086006
1,2017,0.0
2,2018,16.149780505908012
3,2019,49.16901825431047
4,2020,14.404441731602414
5,2021,2.9763891141930863
6,2022,47.147114404667796
7,2023,14.199060662823861
8,2024,0.0
9,2025,18.987074839461798
