,Year,Trachea
0,1999,0.3
1,2000,0.2
2,2001,0.3
3,2002,0.3
4,2003,0.3
5,2004,0.3
6,2005,0.3
7,2006,0.2
8,2007,0.2
9,2008,0.3
10,2009,0.2
11,2010,0.3
12,2011,0.3
13,2012,0.3
14,2013,0.4
15,2014,0.4
16,2015,0.2
0,2016,0.3286890064667841
1,2017,0.1898258485429429
2,2018,0.055013455590554164
3,2019,0.1766616682435403
4,2020,0.2777576487712131
5,2021,0.17270616457503246
6,2022,0.21697785067974482
7,2023,0.048428725743847253
8,2024,0.0
9,2025,0.12125818560686301
