,Year,Nasal
0,1999,0.8
1,2000,0.7
2,2001,0.7
3,2002,0.6
4,2003,0.5
5,2004,0.6
6,2005,0.9
7,2006,0.8
8,2007,0.8
9,2008,0.8
10,2009,0.8
11,2010,0.7
12,2011,0.8
13,2012,0.6
14,2013,0.6
15,2014,0.8
16,2015,0.8
0,2016,0.7018124246148918
1,2017,0.3493946331178635
2,2018,0.6919174821972895
3,2019,0.22899426384936905
4,2020,0.25649950716426045
5,2021,0.7751186789996215
6,2022,0.08985608682403068
7,2023,0.0
8,2024,0.5742292870467927
9,2025,0.0
