,Year,Larynx
0,1999,87.9
1,2000,88.7
2,2001,80.5
3,2002,88.5
4,2003,81.6
5,2004,80.2
6,2005,75.3
7,2006,78.4
8,2007,73.9
9,2008,75.4
10,2009,69.9
11,2010,69.1
12,2011,70.3
13,2012,69.5
14,2013,72.9
15,2014,59.8
16,2015,54.4
0,2016,58.30995792822577
1,2017,62.71252044828737
2,2018,85.07629797485305
3,2019,82.76478094695806
4,2020,31.05667884619292
5,2021,11.055313508002751
6,2022,28.998700097389314
7,2023,69.1859605992437
8,2024,28.113001767689397
9,2025,0.0
