,Year,Larynx
0,1999,87.8
1,2000,84.0
2,2001,88.8
3,2002,86.9
4,2003,87.6
5,2004,85.2
6,2005,82.9
7,2006,83.5
8,2007,82.7
9,2008,87.0
10,2009,80.6
11,2010,81.3
12,2011,85.0
13,2012,79.8
14,2013,82.6
15,2014,82.7
16,2015,77.1
0,2016,82.25735417620743
1,2017,96.90103808878293
2,2018,78.32260436857612
3,2019,63.29807708705011
4,2020,94.42400581660213
5,2021,5.355156808277787
6,2022,86.65527598395633
7,2023,4.21322467120531
8,2024,40.15162278667039
9,2025,58.34384589112476
