,Year,Larynx
0,1999,39.3
1,2000,36.5
2,2001,39.9
3,2002,39.2
4,2003,41.8
5,2004,40.7
6,2005,42.4
7,2006,45.3
8,2007,47.6
9,2008,45.7
10,2009,47.4
11,2010,47.1
12,2011,46.4
13,2012,47.1
14,2013,45.4
15,2014,48.2
16,2015,45.3
0,2016,46.89196772117467
1,2017,21.20695060241897
2,2018,5.950962268396184
3,2019,0.0
4,2020,0.0
5,2021,0.0
6,2022,0.0
7,2023,0.0
8,2024,0.0
9,2025,0.0
