,Year,Larynx
0,1999,55.9
1,2000,55.1
2,2001,64.5
3,2002,66.8
4,2003,62.5
5,2004,62.6
6,2005,66.6
7,2006,66.5
8,2007,63.8
9,2008,66.7
10,2009,69.0
11,2010,68.6
12,2011,64.8
13,2012,61.6
14,2013,67.1
15,2014,62.7
16,2015,66.3
0,2016,59.57288724331365
1,2017,52.94735093494092
2,2018,13.98179002412573
3,2019,62.923194338091974
4,2020,0.0
5,2021,101.41091186286707
6,2022,0.0
7,2023,253.78987472105342
8,2024,0.0
9,2025,650.707201769932
