,Year,Larynx
0,1999,66.4
1,2000,66.3
2,2001,69.4
3,2002,68.4
4,2003,73.8
5,2004,72.6
6,2005,75.4
7,2006,75.6
8,2007,81.1
9,2008,78.1
10,2009,76.3
11,2010,81.1
12,2011,81.6
13,2012,79.1
14,2013,78.5
15,2014,80.7
16,2015,82.3
0,2016,77.83918466323298
1,2017,51.22799798531827
2,2018,41.452408716262426
3,2019,0.5848954182750443
4,2020,0.0
5,2021,0.0
6,2022,0.0
7,2023,0.0
8,2024,0.0
9,2025,0.0
