,Year,Larynx
0,1999,61.3
1,2000,67.2
2,2001,68.4
3,2002,72.6
4,2003,71.8
5,2004,72.9
6,2005,77.7
7,2006,73.5
8,2007,76.9
9,2008,81.3
10,2009,80.2
11,2010,78.8
12,2011,82.7
13,2012,80.7
14,2013,78.9
15,2014,76.0
16,2015,79.8
0,2016,72.73819768199934
1,2017,50.980880359138574
2,2018,11.031212576606933
3,2019,0.0
4,2020,0.0
5,2021,0.0
6,2022,0.0
7,2023,0.0
8,2024,0.0
9,2025,0.0
