,Year,Larynx
0,1999,57.4
1,2000,57.0
2,2001,62.1
3,2002,57.0
4,2003,58.0
5,2004,57.2
6,2005,53.7
7,2006,53.7
8,2007,55.9
9,2008,56.8
10,2009,54.0
11,2010,53.5
12,2011,54.6
13,2012,56.9
14,2013,51.8
15,2014,59.7
16,2015,55.0
0,2016,54.54303108570279
1,2017,48.22001849942385
2,2018,38.65371054685552
3,2019,25.134534809764478
4,2020,26.89178804301801
5,2021,27.114483669660103
6,2022,4.655723086328795
7,2023,23.03827966363338
8,2024,0.0
9,2025,14.025355985662571
