,Year,Larynx
0,1999,71.8
1,2000,76.1
2,2001,80.2
3,2002,81.4
4,2003,78.6
5,2004,82.0
6,2005,80.8
7,2006,87.0
8,2007,79.1
9,2008,85.7
10,2009,73.8
11,2010,72.9
12,2011,76.7
13,2012,74.1
14,2013,75.6
15,2014,80.6
16,2015,77.1
0,2016,78.79431774144865
1,2017,49.55785351471554
2,2018,15.464912558549592
3,2019,13.485971477282654
4,2020,18.279018932531898
5,2021,24.68935371476293
6,2022,12.618537638052274
7,2023,17.85559802287508
8,2024,0.0
9,2025,9.743430829121259
