,Year,Trachea
0,1999,0.6
1,2000,0.4
2,2001,0.4
3,2002,0.4
4,2003,0.4
5,2004,0.2
6,2005,0.3
7,2006,0.3
8,2007,0.3
9,2008,0.4
10,2009,0.4
11,2010,0.3
12,2011,0.3
13,2012,0.5
14,2013,0.4
15,2014,0.3
16,2015,0.3
0,2016,0.3668347211494719
1,2017,0.1738360061201742
2,2018,0.2699962700010037
3,2019,0.20504260664758334
4,2020,0.07890511873488318
5,2021,0.13360191841786848
6,2022,0.10005922556217713
7,2023,0.015051052382644436
8,2024,0.07208846598947052
9,2025,0.05846244055435242
