,Year,Larynx
0,1999,88.1
1,2000,85.3
2,2001,87.0
3,2002,88.9
4,2003,85.7
5,2004,85.7
6,2005,90.6
7,2006,86.9
8,2007,87.6
9,2008,87.7
10,2009,87.7
11,2010,79.9
12,2011,83.8
13,2012,80.8
14,2013,77.9
15,2014,81.7
16,2015,79.2
0,2016,76.26343586527723
1,2017,48.669114268375225
2,2018,24.56196243295068
3,2019,0.0
4,2020,0.0
5,2021,5.380118894615753
6,2022,0.0
7,2023,20.824609535689746
8,2024,0.0
9,2025,0.0
