,Year,Larynx
0,1999,86.6
1,2000,91.4
2,2001,88.7
3,2002,91.4
4,2003,89.2
5,2004,86.5
6,2005,86.8
7,2006,88.5
8,2007,88.0
9,2008,86.8
10,2009,89.7
11,2010,83.4
12,2011,86.1
13,2012,90.4
14,2013,90.0
15,2014,89.0
16,2015,85.2
0,2016,82.55197645216593
1,2017,65.2182666720361
2,2018,103.24567418274697
3,2019,81.15954941166743
4,2020,94.35188682376676
5,2021,44.095889351501384
6,2022,15.153652245428034
7,2023,56.78203547709488
8,2024,42.550614927111255
9,2025,42.3870580969396
