,Year,Larynx
0,1999,43.9
1,2000,40.9
2,2001,41.2
3,2002,39.5
4,2003,46.1
5,2004,47.4
6,2005,47.4
7,2006,46.3
8,2007,45.0
9,2008,42.0
10,2009,47.5
11,2010,48.0
12,2011,43.1
13,2012,43.1
14,2013,43.4
15,2014,47.1
16,2015,44.7
0,2016,44.9742262881254
1,2017,22.503324990711203
2,2018,33.229495790751066
3,2019,26.60319631707054
4,2020,19.170341552692268
5,2021,15.500118248917444
6,2022,10.363283230703512
7,2023,7.845017581929421
8,2024,8.64589599369226
9,2025,5.637748022633512
