,Year,Larynx
0,1999,87.7
1,2000,77.7
2,2001,80.6
3,2002,77.1
4,2003,91.9
5,2004,74.9
6,2005,74.1
7,2006,79.8
8,2007,78.8
9,2008,81.0
10,2009,74.3
11,2010,74.6
12,2011,77.6
13,2012,74.8
14,2013,75.5
15,2014,70.7
16,2015,71.4
0,2016,73.47142182137918
1,2017,54.54548941137298
2,2018,67.89579781071701
3,2019,39.26067855535848
4,2020,40.48219270842317
5,2021,9.20036037087153
6,2022,27.972586936907845
7,2023,16.684181770181183
8,2024,3.366493211237284
9,2025,15.382324025848336
