,Year,Larynx
0,1999,47.9
1,2000,49.3
2,2001,50.1
3,2002,50.7
4,2003,48.6
5,2004,45.6
6,2005,44.1
7,2006,45.7
8,2007,48.2
9,2008,49.7
10,2009,47.4
11,2010,44.2
12,2011,44.6
13,2012,45.3
14,2013,43.1
15,2014,45.4
16,2015,43.8
0,2016,41.621436096232934
1,2017,15.902921065749718
2,2018,41.831902862955644
3,2019,22.57914071715645
4,2020,27.137259396702518
5,2021,33.3729465494996
6,2022,0.0
7,2023,12.23752951429708
8,2024,21.205361539632236
9,2025,0.0
