,Year,Larynx
0,1999,83.5
1,2000,78.8
2,2001,78.3
3,2002,76.6
4,2003,79.2
5,2004,80.2
6,2005,72.6
7,2006,75.0
8,2007,76.1
9,2008,76.9
10,2009,73.0
11,2010,79.4
12,2011,76.9
13,2012,75.7
14,2013,79.3
15,2014,77.2
16,2015,79.3
0,2016,77.46255142551801
1,2017,72.46799124787279
2,2018,43.29505517265198
3,2019,18.89284921787607
4,2020,0.0
5,2021,0.0
6,2022,0.0
7,2023,0.0
8,2024,0.0
9,2025,0.0
