,Year,Larynx
0,1999,38.2
1,2000,41.8
2,2001,39.7
3,2002,36.9
4,2003,40.8
5,2004,40.3
6,2005,39.8
7,2006,40.0
8,2007,38.5
9,2008,39.4
10,2009,40.2
11,2010,40.7
12,2011,38.8
13,2012,42.1
14,2013,42.5
15,2014,40.0
16,2015,42.8
0,2016,42.119564217081404
1,2017,35.49237632869628
2,2018,41.12928993955913
3,2019,12.054852801607623
4,2020,32.24822816224821
5,2021,6.271538297155789
6,2022,12.505957515811428
7,2023,19.000415503064303
8,2024,0.0
9,2025,24.669729590716205
