,Year,Larynx
0,1999,51.2
1,2000,44.7
2,2001,48.6
3,2002,55.7
4,2003,55.0
5,2004,55.4
6,2005,55.5
7,2006,60.9
8,2007,58.0
9,2008,58.8
10,2009,62.5
11,2010,60.4
12,2011,59.0
13,2012,66.7
14,2013,61.7
15,2014,62.9
16,2015,66.6
0,2016,66.27849545137684
1,2017,99.81535332130409
2,2018,40.34326549903533
3,2019,78.12119521230852
4,2020,0.9397429417251999
5,2021,95.62368746911548
6,2022,0.0
7,2023,142.4384027764492
8,2024,0.0
9,2025,240.09493924307617
