,Year,Larynx
0,1999,58.8
1,2000,57.9
2,2001,57.1
3,2002,54.7
4,2003,53.8
5,2004,53.1
6,2005,53.1
7,2006,52.8
8,2007,53.0
9,2008,52.1
10,2009,52.2
11,2010,49.8
12,2011,47.1
13,2012,46.3
14,2013,45.1
15,2014,45.3
16,2015,44.3
0,2016,44.10522547565071
1,2017,0.9313200223410537
2,2018,0.0
3,2019,3.7802462303393494
4,2020,22.293362438941095
5,2021,24.159501719854628
6,2022,8.929720379156198
7,2023,0.0
8,2024,0.0
9,2025,0.0
