,Year,Larynx
0,1999,78.8
1,2000,78.3
2,2001,67.9
3,2002,69.4
4,2003,76.2
5,2004,77.4
6,2005,78.1
7,2006,67.0
8,2007,78.3
9,2008,74.2
10,2009,57.1
11,2010,76.4
12,2011,66.2
13,2012,60.4
14,2013,72.1
15,2014,66.1
16,2015,66.0
0,2016,68.126464690776
1,2017,58.58710510992775
2,2018,58.93462168371033
3,2019,4.488581498677421
4,2020,49.88265943138464
5,2021,0.0
6,2022,13.915136401107219
7,2023,27.43493498002497
8,2024,0.0
9,2025,69.36545419501402
