,Year,Larynx
0,1999,53.2
1,2000,55.6
2,2001,55.1
3,2002,57.4
4,2003,63.9
5,2004,63.8
6,2005,69.0
7,2006,68.3
8,2007,63.3
9,2008,67.6
10,2009,71.4
11,2010,66.0
12,2011,66.7
13,2012,67.7
14,2013,65.6
15,2014,67.3
16,2015,69.4
0,2016,68.14616451032724
1,2017,7.781444528697689
2,2018,36.92452480761617
3,2019,0.0
4,2020,0.0
5,2021,35.68596648841083
6,2022,0.0
7,2023,0.0
8,2024,37.95809786116626
9,2025,0.0
