,Year,Larynx
0,1999,61.5
1,2000,62.0
2,2001,63.2
3,2002,66.9
4,2003,66.5
5,2004,65.8
6,2005,73.4
7,2006,69.3
8,2007,75.3
9,2008,74.7
10,2009,74.4
11,2010,70.8
12,2011,68.8
13,2012,71.1
14,2013,73.7
15,2014,77.9
16,2015,74.9
0,2016,76.9476443679429
1,2017,37.259575642291125
2,2018,18.435960545843564
3,2019,29.763027657434797
4,2020,40.108509801305914
5,2021,30.458291173392368
6,2022,19.149909954186278
7,2023,4.266696193613406
8,2024,7.381723074418328
9,2025,7.603161831436534
