,Year,Larynx
0,1999,107.6
1,2000,100.5
2,2001,99.6
3,2002,96.1
4,2003,103.5
5,2004,115.8
6,2005,105.1
7,2006,113.0
8,2007,110.5
9,2008,103.3
10,2009,101.7
11,2010,100.7
12,2011,118.2
13,2012,98.8
14,2013,109.6
15,2014,98.3
16,2015,124.7
0,2016,96.28780868180858
1,2017,123.40220957122051
2,2018,18.973189195970804
3,2019,163.20123296837315
4,2020,0.0
5,2021,289.97398209426564
6,2022,0.0
7,2023,664.648834223002
8,2024,0.0
9,2025,1638.9594403263618
