,Year,Larynx
0,1999,77.1
1,2000,77.6
2,2001,74.3
3,2002,74.0
4,2003,75.8
5,2004,81.8
6,2005,81.7
7,2006,77.2
8,2007,84.3
9,2008,85.2
10,2009,84.3
11,2010,86.3
12,2011,85.6
13,2012,79.8
14,2013,84.6
15,2014,82.6
16,2015,86.0
0,2016,87.23192973738168
1,2017,49.150059270604
2,2018,59.39165066624522
3,2019,20.21409732048093
4,2020,39.3132179862489
5,2021,28.728659979715232
6,2022,8.13502287513096
7,2023,23.375516684412332
8,2024,6.865962666081342
9,2025,6.373991278407602
