,Year,Larynx
0,1999,75.5
1,2000,68.5
2,2001,78.5
3,2002,72.3
4,2003,69.0
5,2004,81.6
6,2005,76.9
7,2006,75.6
8,2007,68.9
9,2008,80.2
10,2009,82.0
11,2010,80.3
12,2011,80.1
13,2012,75.9
14,2013,76.2
15,2014,72.0
16,2015,68.9
0,2016,66.65756947182155
1,2017,12.82484773226439
2,2018,8.874922102522568
3,2019,0.0
4,2020,0.0
5,2021,0.0
6,2022,0.0
7,2023,0.0
8,2024,0.0
9,2025,0.0
