,Year,Larynx
0,1999,89.1
1,2000,83.8
2,2001,79.1
3,2002,81.9
4,2003,84.4
5,2004,82.2
6,2005,82.2
7,2006,82.9
8,2007,80.6
9,2008,82.2
10,2009,75.5
11,2010,75.6
12,2011,73.9
13,2012,74.1
14,2013,74.8
15,2014,73.2
16,2015,77.8
0,2016,74.64040633675559
1,2017,31.264274927647218
2,2018,0.0
3,2019,0.0
4,2020,2.3272705178775084
5,2021,0.0
6,2022,5.577951445837256
7,2023,0.0
8,2024,7.320370810222108
9,2025,0.0
