,Year,Larynx
0,1999,74.5
1,2000,76.9
2,2001,75.4
3,2002,74.5
4,2003,78.6
5,2004,71.9
6,2005,77.2
7,2006,75.8
8,2007,70.6
9,2008,73.4
10,2009,79.3
11,2010,74.9
12,2011,74.0
13,2012,75.8
14,2013,75.3
15,2014,75.8
16,2015,79.4
0,2016,75.32131455179056
1,2017,72.74175634391125
2,2018,95.55977443013424
3,2019,53.44951583564341
4,2020,69.45504274750782
5,2021,54.041978551084874
6,2022,21.50465596116662
7,2023,54.385451498982526
8,2024,31.232734524470953
9,2025,17.088602576194152
