,Year,Larynx
0,1999,29.4
1,2000,27.0
2,2001,27.6
3,2002,26.0
4,2003,28.0
5,2004,26.5
6,2005,25.6
7,2006,24.8
8,2007,25.2
9,2008,21.7
10,2009,27.6
11,2010,22.1
12,2011,25.6
13,2012,28.4
14,2013,23.1
15,2014,23.0
16,2015,23.7
0,2016,13.656415500509135
1,2017,16.78786436959514
2,2018,7.307793851215809
3,2019,10.296999714014774
4,2020,33.110946576590514
5,2021,18.75374860613709
6,2022,12.312557618450803
7,2023,12.053207984384372
8,2024,0.0
9,2025,18.147298995289148
