,Year,Larynx
0,1999,51.6
1,2000,54.0
2,2001,52.8
3,2002,51.6
4,2003,47.9
5,2004,53.3
6,2005,53.6
7,2006,51.2
8,2007,51.9
9,2008,50.6
10,2009,53.1
11,2010,51.2
12,2011,52.4
13,2012,52.3
14,2013,48.1
15,2014,50.1
16,2015,51.2
0,2016,50.568214524334635
1,2017,36.80392940846139
2,2018,46.70755603859
3,2019,24.078520254482676
4,2020,36.05624169810567
5,2021,5.284442311431205
6,2022,17.888636873235143
7,2023,17.964306979390244
8,2024,0.0
9,2025,22.37485361353426
