,Year,Larynx
0,1999,128.8
1,2000,128.2
2,2001,134.5
3,2002,130.3
4,2003,128.0
5,2004,133.0
6,2005,126.3
7,2006,130.7
8,2007,128.1
9,2008,130.9
10,2009,129.5
11,2010,132.0
12,2011,124.8
13,2012,126.7
14,2013,131.5
15,2014,130.8
16,2015,125.1
0,2016,125.12809509611078
1,2017,164.8195095323024
2,2018,156.34551194472004
3,2019,186.48860569329426
4,2020,68.2634562438471
5,2021,145.39703381357697
6,2022,17.59511036292207
7,2023,220.91195859237865
8,2024,0.0
9,2025,258.0317973838596
