,Year,Larynx
0,1999,61.9
1,2000,63.1
2,2001,61.1
3,2002,65.6
4,2003,71.4
5,2004,72.2
6,2005,76.6
7,2006,76.0
8,2007,77.2
9,2008,77.2
10,2009,75.9
11,2010,75.0
12,2011,74.7
13,2012,78.7
14,2013,81.7
15,2014,82.2
16,2015,83.2
0,2016,82.54540766002913
1,2017,0.0
2,2018,0.0
3,2019,0.0
4,2020,43.224393112570134
5,2021,46.85403124149721
6,2022,16.41632965347819
7,2023,0.0
8,2024,0.0
9,2025,0.0
