,Year,Larynx
0,1999,58.5
1,2000,53.9
2,2001,56.7
3,2002,56.2
4,2003,57.8
5,2004,56.8
6,2005,61.6
7,2006,63.9
8,2007,60.8
9,2008,61.4
10,2009,66.8
11,2010,64.1
12,2011,64.3
13,2012,63.5
14,2013,68.0
15,2014,66.3
16,2015,71.2
0,2016,68.80622158065471
1,2017,59.94110164516266
2,2018,69.27590730050179
3,2019,58.908187596874384
4,2020,26.58407252805607
5,2021,61.00838852362114
6,2022,15.292393026317768
7,2023,40.42058989910066
8,2024,7.932015969340284
9,2025,53.40642140382957
