,Year,Larynx
0,1999,35.8
1,2000,37.6
2,2001,39.6
3,2002,39.6
4,2003,40.2
5,2004,39.2
6,2005,44.2
7,2006,39.3
8,2007,38.3
9,2008,41.1
10,2009,40.0
11,2010,39.3
12,2011,39.3
13,2012,43.7
14,2013,39.3
15,2014,36.7
16,2015,37.5
0,2016,41.07452143142748
1,2017,30.94914202314328
2,2018,27.999379461451078
3,2019,11.60668285451895
4,2020,0.3091823096216313
5,2021,3.514527123594032
6,2022,2.2958133107744256
7,2023,0.0
8,2024,0.0
9,2025,0.0
