,Year,Nasal
0,1999,0.6
1,2000,0.7
2,2001,0.5
3,2002,0.7
4,2003,0.8
5,2004,0.6
6,2005,0.5
7,2006,0.9
8,2007,0.8
9,2008,0.5
10,2009,0.7
11,2010,0.6
12,2011,0.7
13,2012,0.6
14,2013,0.6
15,2014,0.8
16,2015,0.8
0,2016,0.59015429767699
1,2017,0.6833239916957696
2,2018,0.9983003894241513
3,2019,0.26605315780493927
4,2020,0.6165191045001038
5,2021,0.3578505460539756
6,2022,0.28547709891416406
7,2023,0.3909256803340675
8,2024,0.1091849520779909
9,2025,0.3058895914915821
