,Year,Larynx
0,1999,78.8
1,2000,73.1
2,2001,73.6
3,2002,74.0
4,2003,73.9
5,2004,72.7
6,2005,73.7
7,2006,72.2
8,2007,66.6
9,2008,69.1
10,2009,72.7
11,2010,73.2
12,2011,69.6
13,2012,68.9
14,2013,67.0
15,2014,69.7
16,2015,66.6
0,2016,68.5470451100143
1,2017,38.91575696042433
2,2018,65.91913102469746
3,2019,69.8431035746655
4,2020,21.269726609014267
5,2021,41.80037497450577
6,2022,26.09504641591907
7,2023,22.093384850725627
8,2024,0.0
9,2025,50.713214972904254
