,Year,Larynx
0,1999,93.6
1,2000,94.2
2,2001,89.8
3,2002,90.0
4,2003,98.1
5,2004,93.6
6,2005,94.6
7,2006,96.0
8,2007,90.9
9,2008,92.0
10,2009,94.4
11,2010,93.4
12,2011,91.7
13,2012,89.9
14,2013,90.3
15,2014,89.9
16,2015,91.5
0,2016,91.63850160146045
1,2017,31.046580031765487
2,2018,57.88887335799475
3,2019,29.78237830500285
4,2020,48.373593399434064
5,2021,44.294070842083876
6,2022,0.0
7,2023,21.797252167176694
8,2024,7.75344983462691
9,2025,0.0
