,Year,Larynx
0,1999,72.9
1,2000,70.4
2,2001,75.4
3,2002,72.8
4,2003,72.0
5,2004,74.3
6,2005,75.3
7,2006,73.3
8,2007,74.0
9,2008,74.8
10,2009,74.2
11,2010,70.2
12,2011,76.1
13,2012,73.0
14,2013,71.5
15,2014,72.5
16,2015,64.4
0,2016,71.65026580840666
1,2017,57.52696362773688
2,2018,7.230932187950621
3,2019,0.0
4,2020,0.0
5,2021,0.0
6,2022,0.0
7,2023,0.0
8,2024,0.0
9,2025,0.0
