,Year,Larynx
0,1999,72.6
1,2000,103.5
2,2001,74.8
3,2002,96.8
4,2003,85.1
5,2004,89.1
6,2005,92.3
7,2006,86.1
8,2007,82.7
9,2008,94.5
10,2009,86.5
11,2010,88.1
12,2011,80.1
13,2012,83.8
14,2013,66.7
15,2014,77.9
16,2015,64.7
0,2016,67.24390535901074
1,2017,54.801434056991404
2,2018,5.919536284818285
3,2019,6.675996334675993
4,2020,0.0
5,2021,2.2528236194687707
6,2022,0.0
7,2023,16.660951019035934
8,2024,0.0
9,2025,37.576119532474166
