,Year,Larynx
0,1999,61.5
1,2000,62.4
2,2001,62.4
3,2002,61.5
4,2003,58.9
5,2004,56.1
6,2005,61.0
7,2006,59.4
8,2007,53.0
9,2008,53.6
10,2009,60.0
11,2010,52.7
12,2011,51.2
13,2012,52.0
14,2013,47.5
15,2014,48.4
16,2015,48.1
0,2016,45.525092902517336
1,2017,42.256303965786564
2,2018,60.70864420560098
3,2019,9.807745828281359
4,2020,37.383429166616104
5,2021,22.99244754427875
6,2022,0.0
7,2023,38.23378040039406
8,2024,0.0
9,2025,4.799830376121633
