,Year,Nasal
0,1999,0.6
1,2000,0.8
2,2001,0.7
3,2002,0.8
4,2003,0.7
5,2004,0.7
6,2005,0.7
7,2006,0.8
8,2007,0.9
9,2008,0.7
10,2009,0.7
11,2010,0.7
12,2011,0.8
13,2012,0.8
14,2013,1.0
15,2014,0.8
16,2015,0.8
0,2016,0.7427668206954962
1,2017,0.7636307987382202
2,2018,0.8256159675047878
3,2019,1.0494357832383714
4,2020,0.6812981010758916
5,2021,0.670538912248366
6,2022,0.10028684533669152
7,2023,0.7357274423302381
8,2024,0.17732150763129484
9,2025,0.8794484632450605
