,Year,Larynx
0,1999,73.2
1,2000,72.0
2,2001,68.0
3,2002,74.1
4,2003,84.7
5,2004,84.5
6,2005,82.6
7,2006,79.4
8,2007,80.5
9,2008,82.9
10,2009,79.5
11,2010,80.1
12,2011,74.5
13,2012,78.6
14,2013,75.0
15,2014,75.1
16,2015,69.8
0,2016,69.48928112221617
1,2017,48.19855901291282
2,2018,0.0
3,2019,37.671410157772584
4,2020,0.0
5,2021,30.606208748888122
6,2022,0.0
7,2023,76.99642730394953
8,2024,0.0
9,2025,152.41658411905354
