,Year,Larynx
0,1999,137.7
1,2000,133.0
2,2001,133.6
3,2002,131.4
4,2003,125.0
5,2004,133.4
6,2005,134.9
7,2006,135.1
8,2007,126.4
9,2008,129.4
10,2009,132.1
11,2010,123.2
12,2011,132.5
13,2012,124.8
14,2013,128.5
15,2014,126.1
16,2015,128.7
0,2016,125.39294760547371
1,2017,150.7680197515086
2,2018,98.70002134673375
3,2019,149.68776202484025
4,2020,40.63035404235188
5,2021,136.05476140787076
6,2022,0.0
7,2023,174.59026898376794
8,2024,0.0
9,2025,248.27251410261545
