,Year,Larynx
0,1999,62.9
1,2000,52.5
2,2001,50.7
3,2002,60.6
4,2003,60.5
5,2004,74.1
6,2005,75.9
7,2006,66.2
8,2007,64.8
9,2008,64.7
10,2009,78.8
11,2010,72.9
12,2011,76.2
13,2012,74.6
14,2013,66.5
15,2014,66.9
16,2015,71.4
0,2016,75.04281415012167
1,2017,33.33572596974726
2,2018,50.136312077436514
3,2019,40.02161830528591
4,2020,44.68388586381096
5,2021,29.796720402952523
6,2022,12.070505837737802
7,2023,17.003774573265012
8,2024,15.656273804475411
9,2025,15.565486263661366
