,Year,Larynx
0,1999,64.5
1,2000,67.8
2,2001,70.1
3,2002,68.6
4,2003,72.0
5,2004,71.1
6,2005,77.4
7,2006,77.9
8,2007,79.2
9,2008,78.1
10,2009,78.6
11,2010,78.4
12,2011,77.7
13,2012,84.9
14,2013,82.6
15,2014,82.1
16,2015,83.1
0,2016,84.1418855605457
1,2017,46.68119239018081
2,2018,47.05941225080215
3,2019,48.69635281691866
4,2020,44.54382369876715
5,2021,14.077099876999771
6,2022,19.33751439768845
7,2023,12.054068295384255
8,2024,21.709747659591102
9,2025,9.146590715131154
