,Year,Larynx
0,1999,81.5
1,2000,80.3
2,2001,80.1
3,2002,76.7
4,2003,81.8
5,2004,79.1
6,2005,80.4
7,2006,78.9
8,2007,84.6
9,2008,81.2
10,2009,74.7
11,2010,70.0
12,2011,78.1
13,2012,75.8
14,2013,80.1
15,2014,76.3
16,2015,71.3
0,2016,64.92050508572913
1,2017,28.542518161386965
2,2018,80.22558522559137
3,2019,86.67088032785624
4,2020,32.931005344650885
5,2021,42.77948469517652
6,2022,32.102306409993815
7,2023,0.9582884426104563
8,2024,26.375717837287382
9,2025,57.490447822992664
