,Year,Larynx
0,1999,27.2
1,2000,28.2
2,2001,31.6
3,2002,28.5
4,2003,30.0
5,2004,30.6
6,2005,30.7
7,2006,27.3
8,2007,30.3
9,2008,27.6
10,2009,30.8
11,2010,29.8
12,2011,33.0
13,2012,31.9
14,2013,31.5
15,2014,30.2
16,2015,31.0
0,2016,30.005599637753527
1,2017,14.212696652446695
2,2018,11.42990638645455
3,2019,17.117553152536665
4,2020,15.447893497214935
5,2021,23.020179621840143
6,2022,4.092827478533778
7,2023,8.434329377439234
8,2024,0.0
9,2025,12.410519030498484
