,Year,Larynx
0,1999,72.6
1,2000,78.4
2,2001,83.6
3,2002,81.7
4,2003,83.7
5,2004,86.8
6,2005,87.6
7,2006,89.4
8,2007,90.4
9,2008,92.1
10,2009,96.4
11,2010,95.1
12,2011,88.5
13,2012,102.6
14,2013,97.2
15,2014,98.7
16,2015,101.2
0,2016,99.36603450428161
1,2017,156.13589555962707
2,2018,89.69440449684406
3,2019,120.05417890161861
4,2020,70.22171622605836
5,2021,56.88287717211381
6,2022,127.5210977637045
7,2023,0.0
8,2024,202.62444194401564
9,2025,0.0
