,Year,Larynx
0,1999,57.4
1,2000,55.4
2,2001,62.8
3,2002,60.6
4,2003,61.2
5,2004,60.9
6,2005,66.2
7,2006,67.2
8,2007,64.6
9,2008,66.0
10,2009,65.3
11,2010,68.5
12,2011,72.3
13,2012,71.7
14,2013,72.3
15,2014,72.9
16,2015,69.9
0,2016,74.83760373249785
1,2017,59.676747296892366
2,2018,87.56182949943114
3,2019,58.36611553001808
4,2020,67.09311809210186
5,2021,46.64012383357722
6,2022,24.152947299524985
7,2023,50.081240526802155
8,2024,32.979409738105474
9,2025,26.457517204311102
