,Year,Larynx
0,1999,98.6
1,2000,93.0
2,2001,96.9
3,2002,95.3
4,2003,94.4
5,2004,96.9
6,2005,97.8
7,2006,98.2
8,2007,97.4
9,2008,98.7
10,2009,99.0
11,2010,98.3
12,2011,98.1
13,2012,95.9
14,2013,95.8
15,2014,98.1
16,2015,96.3
0,2016,95.03594626526804
1,2017,2.313707539432494
2,2018,34.0320567704975
3,2019,19.875297068085935
4,2020,0.0
5,2021,0.0
6,2022,8.723292873294856
7,2023,0.0
8,2024,0.0
9,2025,2.176686334066309
