,Year,Lung
0,1999,8.5
1,2000,8.2
2,2001,7.7
3,2002,7.7
4,2003,7.6
5,2004,8.0
6,2005,8.1
7,2006,7.6
8,2007,7.3
9,2008,8.2
10,2009,7.4
11,2010,7.3
12,2011,7.0
13,2012,7.5
14,2013,7.5
15,2014,6.9
16,2015,7.1
0,2016,7.146747017486063
1,2017,8.307698576895042
2,2018,7.582349476577636
3,2019,6.377099205815214
4,2020,4.167409882977262
5,2021,4.603325628996906
6,2022,3.303400545252477
7,2023,3.4783471316997776
8,2024,1.7604861131134388
9,2025,2.6673944225084423
