,Year,Larynx
0,1999,80.0
1,2000,78.6
2,2001,77.8
3,2002,77.0
4,2003,77.9
5,2004,81.0
6,2005,78.5
7,2006,79.4
8,2007,80.7
9,2008,76.2
10,2009,72.7
11,2010,74.2
12,2011,77.5
13,2012,76.6
14,2013,76.2
15,2014,75.4
16,2015,79.5
0,2016,77.84389659402419
1,2017,13.093187351431911
2,2018,47.198248996747836
3,2019,42.97627138864145
4,2020,0.0
5,2021,16.710819194653865
6,2022,37.31737452330393
7,2023,0.0
8,2024,0.0
9,2025,29.701985849571564
