,Year,Larynx
0,1999,95.0
1,2000,93.0
2,2001,96.4
3,2002,93.2
4,2003,105.2
5,2004,117.3
6,2005,115.1
7,2006,116.8
8,2007,109.8
9,2008,110.3
10,2009,112.7
11,2010,111.6
12,2011,108.5
13,2012,107.5
14,2013,113.7
15,2014,111.9
16,2015,114.5
0,2016,112.40835236666707
1,2017,27.733965289572634
2,2018,16.80310659513404
3,2019,19.33828531916201
4,2020,33.41885543751988
5,2021,0.0
6,2022,0.0
7,2023,0.0
8,2024,6.227735675605086
9,2025,4.11997266170501
