,Year,Larynx
0,1999,85.5
1,2000,83.4
2,2001,84.4
3,2002,84.9
4,2003,84.7
5,2004,80.5
6,2005,81.8
7,2006,83.0
8,2007,83.1
9,2008,82.2
10,2009,84.0
11,2010,80.1
12,2011,81.8
13,2012,79.8
14,2013,80.5
15,2014,82.3
16,2015,79.2
0,2016,80.05881904404335
1,2017,74.68860405046611
2,2018,61.880031614191665
3,2019,64.28753187424785
4,2020,62.866851837453495
5,2021,33.664072970763144
6,2022,34.93521318434733
7,2023,21.089473960134196
8,2024,28.151834066378548
9,2025,20.35023452143438
