,Year,Larynx
0,1999,73.6
1,2000,64.6
2,2001,67.9
3,2002,76.5
4,2003,75.8
5,2004,66.8
6,2005,72.2
7,2006,65.1
8,2007,72.4
9,2008,70.3
10,2009,75.9
11,2010,65.4
12,2011,65.8
13,2012,62.2
14,2013,55.1
15,2014,64.8
16,2015,50.8
0,2016,63.63310373873515
1,2017,43.44748189706232
2,2018,4.624052219894917
3,2019,28.91450851299704
4,2020,0.0
5,2021,40.03071803775535
6,2022,0.0
7,2023,57.76003878873439
8,2024,0.0
9,2025,107.31502405628726
