,Year,Larynx
0,1999,128.3
1,2000,128.5
2,2001,122.8
3,2002,123.0
4,2003,119.8
5,2004,119.4
6,2005,119.0
7,2006,114.2
8,2007,110.7
9,2008,112.1
10,2009,113.0
11,2010,109.7
12,2011,105.2
13,2012,107.1
14,2013,103.8
15,2014,101.0
16,2015,96.4
0,2016,97.5664732999673
1,2017,56.4091575882611
2,2018,102.9193879109799
3,2019,54.463284953042276
4,2020,9.076531307892068
5,2021,33.18963525718465
6,2022,36.8995913216532
7,2023,0.0
8,2024,0.0
9,2025,17.48266145142869
