,Year,Larynx
0,1999,83.2
1,2000,80.7
2,2001,78.8
3,2002,80.5
4,2003,78.0
5,2004,81.1
6,2005,82.4
7,2006,79.7
8,2007,73.6
9,2008,77.3
10,2009,76.4
11,2010,72.0
12,2011,73.6
13,2012,71.3
14,2013,75.3
15,2014,72.4
16,2015,65.2
0,2016,68.95004829145537
1,2017,44.5527186302533
2,2018,74.03837139499552
3,2019,26.43631166543801
4,2020,23.888400343493167
5,2021,27.795456236834063
6,2022,1.9005430335326015
7,2023,23.725781241554543
8,2024,0.0
9,2025,0.0
