,Year,Larynx
0,1999,84.4
1,2000,85.7
2,2001,81.7
3,2002,84.9
4,2003,84.7
5,2004,82.5
6,2005,83.4
7,2006,82.7
8,2007,84.8
9,2008,85.0
10,2009,85.3
11,2010,81.3
12,2011,82.6
13,2012,80.7
14,2013,81.1
15,2014,78.4
16,2015,80.8
0,2016,78.73834791329652
1,2017,36.83464368720743
2,2018,7.047798953613068
3,2019,36.29436889240857
4,2020,3.8083673953370862
5,2021,41.40132058762562
6,2022,0.0
7,2023,47.99580058442854
8,2024,0.0
9,2025,83.55710453632372
