,Year,Lung
0,1999,7.8
1,2000,8.1
2,2001,7.2
3,2002,7.8
4,2003,6.9
5,2004,7.0
6,2005,7.2
7,2006,7.2
8,2007,7.2
9,2008,7.5
10,2009,6.9
11,2010,7.1
12,2011,7.4
13,2012,6.7
14,2013,6.7
15,2014,7.0
16,2015,6.9
0,2016,6.776897821617268
1,2017,4.508339930907546
2,2018,5.159574589138502
3,2019,1.4657649187044983
4,2020,3.876556830001337
5,2021,3.175237462976603
6,2022,0.12710611481949297
7,2023,2.4743036570542105
8,2024,0.690649063523876
9,2025,0.0
