,Year,Larynx
0,1999,68.3
1,2000,68.1
2,2001,71.6
3,2002,72.6
4,2003,70.9
5,2004,74.2
6,2005,76.0
7,2006,77.2
8,2007,75.9
9,2008,78.9
10,2009,82.9
11,2010,79.3
12,2011,80.6
13,2012,80.3
14,2013,81.8
15,2014,82.3
16,2015,83.3
0,2016,83.93689894132329
1,2017,49.21742110363343
2,2018,57.19643378261829
3,2019,20.343904169420583
4,2020,3.033383096601556
5,2021,0.0
6,2022,9.186925788613687
7,2023,0.0
8,2024,0.0
9,2025,1.9009154201704725
