,Year,Larynx
0,1999,26.6
1,2000,28.4
2,2001,27.7
3,2002,29.0
4,2003,31.1
5,2004,29.4
6,2005,31.8
7,2006,30.6
8,2007,33.0
9,2008,32.6
10,2009,33.1
11,2010,34.3
12,2011,32.2
13,2012,37.6
14,2013,34.0
15,2014,34.6
16,2015,34.6
0,2016,36.89770218598785
1,2017,43.03776324618482
2,2018,30.84283176226114
3,2019,34.735118622610116
4,2020,5.155799628545118
5,2021,13.606028139803385
6,2022,26.027401751586275
7,2023,0.0
8,2024,18.316561503048995
9,2025,0.0
