,Year,Larynx
0,1999,91.9
1,2000,92.8
2,2001,99.1
3,2002,94.6
4,2003,90.0
5,2004,91.5
6,2005,105.3
7,2006,99.0
8,2007,100.1
9,2008,107.3
10,2009,95.6
11,2010,93.3
12,2011,92.8
13,2012,96.9
14,2013,101.4
15,2014,99.9
16,2015,97.4
0,2016,98.05743905725103
1,2017,46.11422450766064
2,2018,83.6360348731732
3,2019,46.46706349399142
4,2020,49.32108699716504
5,2021,54.6835227949967
6,2022,8.83052475169692
7,2023,23.87710050404532
8,2024,29.260161340384435
9,2025,2.2876632573110998
