,Year,Larynx
0,1999,111.6
1,2000,112.4
2,2001,116.1
3,2002,112.7
4,2003,110.5
5,2004,105.4
6,2005,107.4
7,2006,105.8
8,2007,111.2
9,2008,105.7
10,2009,99.0
11,2010,92.0
12,2011,96.3
13,2012,97.3
14,2013,97.3
15,2014,97.7
16,2015,94.3
0,2016,85.65193988182956
1,2017,17.436811392702552
2,2018,92.79823763307252
3,2019,109.07065356718205
4,2020,21.504331547721616
5,2021,42.95987893387303
6,2022,62.20428372570798
7,2023,0.0
8,2024,0.0
9,2025,91.32219661622628
