,Year,Larynx
0,1999,65.7
1,2000,65.6
2,2001,63.9
3,2002,63.1
4,2003,72.0
5,2004,72.7
6,2005,69.9
7,2006,69.4
8,2007,68.0
9,2008,69.8
10,2009,72.1
11,2010,64.4
12,2011,63.3
13,2012,73.4
14,2013,65.9
15,2014,66.8
16,2015,59.6
0,2016,61.776241099593975
1,2017,52.09764125039311
2,2018,47.02106219356807
3,2019,15.571565581411217
4,2020,32.706096661825356
5,2021,0.0
6,2022,30.05279742776657
7,2023,0.0
8,2024,0.0
9,2025,39.80740285772785
