,Year,Larynx
0,1999,73.3
1,2000,70.5
2,2001,67.8
3,2002,72.1
4,2003,77.3
5,2004,76.7
6,2005,75.5
7,2006,79.6
8,2007,77.7
9,2008,77.0
10,2009,75.4
11,2010,71.9
12,2011,76.8
13,2012,72.8
14,2013,74.5
15,2014,74.6
16,2015,76.6
0,2016,74.52627978879538
1,2017,56.309800174841534
2,2018,26.99241025941642
3,2019,15.102194175369018
4,2020,0.0
5,2021,4.639182238945338
6,2022,0.0
7,2023,3.5041915564780766
8,2024,0.0
9,2025,5.51977493422018
