,Year,Larynx
0,1999,90.9
1,2000,81.6
2,2001,85.8
3,2002,79.1
4,2003,80.3
5,2004,82.9
6,2005,79.9
7,2006,86.7
8,2007,76.8
9,2008,80.6
10,2009,87.1
11,2010,82.5
12,2011,76.6
13,2012,84.0
14,2013,83.3
15,2014,87.2
16,2015,78.2
0,2016,79.45102288276561
1,2017,130.49302258478014
2,2018,91.35231040691218
3,2019,99.50902563480437
4,2020,64.15831007225236
5,2021,54.0161073430599
6,2022,106.12038737074931
7,2023,0.0
8,2024,129.108136760744
9,2025,0.0
