,Year,Larynx
0,1999,74.5
1,2000,72.2
2,2001,77.0
3,2002,83.3
4,2003,79.2
5,2004,73.1
6,2005,80.8
7,2006,73.8
8,2007,79.4
9,2008,71.7
10,2009,71.0
11,2010,77.7
12,2011,80.3
13,2012,82.0
14,2013,71.8
15,2014,73.6
16,2015,61.6
0,2016,74.45594299008765
1,2017,59.77643958331966
2,2018,39.8844804602316
3,2019,61.35323939853603
4,2020,31.82157906110264
5,2021,44.92116769540753
6,2022,0.0
7,2023,40.9016884818501
8,2024,0.0
9,2025,57.48578459566636
