,Year,Larynx
0,1999,89.1
1,2000,85.9
2,2001,77.4
3,2002,72.8
4,2003,91.2
5,2004,79.5
6,2005,83.7
7,2006,94.7
8,2007,86.3
9,2008,87.3
10,2009,84.0
11,2010,93.2
12,2011,83.8
13,2012,89.9
14,2013,89.3
15,2014,81.4
16,2015,91.4
0,2016,86.59228841351464
1,2017,87.91303759206181
2,2018,43.81156789720047
3,2019,38.33831227316916
4,2020,20.817515029640816
5,2021,17.18546962249016
6,2022,9.223077078670627
7,2023,8.829422001624707
8,2024,3.922751490787448
9,2025,5.5340169599462286
