,Year,Larynx
0,1999,56.1
1,2000,61.7
2,2001,61.5
3,2002,58.7
4,2003,60.8
5,2004,59.8
6,2005,64.2
7,2006,60.3
8,2007,62.2
9,2008,60.0
10,2009,63.8
11,2010,60.1
12,2011,62.9
13,2012,63.0
14,2013,62.4
15,2014,61.6
16,2015,63.6
0,2016,63.497891428076066
1,2017,80.7102469369208
2,2018,45.547834014335194
3,2019,88.70089321801915
4,2020,0.0
5,2021,113.57325613573349
6,2022,0.0
7,2023,200.50728036977898
8,2024,0.0
9,2025,411.8440205000659
