,Year,Nasal
0,1999,0.7
1,2000,0.7
2,2001,0.5
3,2002,0.6
4,2003,0.6
5,2004,0.5
6,2005,0.6
7,2006,0.7
8,2007,0.4
9,2008,0.6
10,2009,0.7
11,2010,0.9
12,2011,0.6
13,2012,0.5
14,2013,0.5
15,2014,0.7
16,2015,0.7
0,2016,0.7474713793432191
1,2017,0.37762747795329127
2,2018,0.6295533998386528
3,2019,0.7008189351751293
4,2020,0.44174024513087234
5,2021,0.43602790377656836
6,2022,0.24878762581779248
7,2023,0.30011425359494404
8,2024,0.2966292252424252
9,2025,0.3393175282009836
