,Year,Larynx
0,1999,30.5
1,2000,30.2
2,2001,33.3
3,2002,35.9
4,2003,37.2
5,2004,36.4
6,2005,40.9
7,2006,39.3
8,2007,44.6
9,2008,41.8
10,2009,45.3
11,2010,47.4
12,2011,45.1
13,2012,46.1
14,2013,46.6
15,2014,48.0
16,2015,50.5
0,2016,49.84382466700104
1,2017,45.80472630302351
2,2018,16.494182429920887
3,2019,27.106868386172618
4,2020,0.0
5,2021,18.553366016581002
6,2022,0.0
7,2023,19.012429318216505
8,2024,0.0
9,2025,22.52538523183955
