,Year,Larynx
0,1999,68.6
1,2000,71.2
2,2001,73.4
3,2002,75.3
4,2003,74.8
5,2004,75.7
6,2005,78.7
7,2006,79.2
8,2007,82.8
9,2008,82.0
10,2009,81.9
11,2010,79.9
12,2011,80.6
13,2012,80.6
14,2013,82.2
15,2014,84.0
16,2015,86.6
0,2016,87.94884112523283
1,2017,0.0
2,2018,0.0
3,2019,0.0
4,2020,46.39891327369038
5,2021,49.45664104112116
6,2022,15.354353965504018
7,2023,0.0
8,2024,0.0
9,2025,0.555259755073731
