,Year,Larynx
0,1999,52.7
1,2000,51.7
2,2001,47.0
3,2002,54.7
4,2003,60.9
5,2004,58.3
6,2005,59.1
7,2006,60.9
8,2007,61.0
9,2008,59.4
10,2009,61.9
11,2010,63.6
12,2011,58.3
13,2012,60.4
14,2013,63.3
15,2014,60.5
16,2015,64.9
0,2016,64.86476691949808
1,2017,37.38348363191663
2,2018,61.28977094553902
3,2019,0.0
4,2020,28.318470454025977
5,2021,29.486667314739602
6,2022,0.0
7,2023,63.19817653576558
8,2024,0.0
9,2025,0.0
